participant,accuracy,rt
12001.0,1,1.05344609986059
12001.0,1,1.50492039974779
12001.0,1,0.536920299753547
12001.0,1,0.47326589981094
12001.0,1,0.451311799930409
12001.0,1,0.511539299972355
12001.0,1,0.816252199932933
12001.0,1,0.597029999829829
12001.0,1,0.564113399945199
12001.0,1,0.563592999940738
12001.0,1,0.474096199730411
12001.0,1,0.645493400050327
12001.0,1,0.544213499873877
12001.0,1,0.520143299829215
12001.0,1,0.56162039982155
12001.0,1,0.552327199839056
12001.0,1,0.447644599946216
12001.0,1,0.499799499753863
12001.0,1,0.510137199889868
12001.0,1,0.750792299862951
12001.0,1,0.502460799878463
12001.0,1,0.576655799988657
12001.0,1,0.391537700081244
12001.0,1,0.452774500008672
12001.0,1,0.408993799937889
12001.0,1,0.381731699919328
12001.0,1,0.860373499803245
12001.0,1,0.655412999913096
12001.0,1,0.547178899869323
12001.0,1,0.50721999979578
12001.0,1,0.451853999868035
12001.0,1,0.438714799936861
12001.0,1,0.467120799934492
12001.0,1,0.429987200070172
12001.0,1,0.515967499930412
12001.0,1,0.509204599773511
12001.0,1,0.485678700031713
12001.0,1,0.591526800068095
12001.0,1,0.390587199945003
12001.0,1,0.540507999947295
12002.0,1,1.14264809992164
12002.0,1,0.66222279984504
12002.0,1,0.464760799892247
12002.0,1,0.500400600023568
12002.0,1,0.583138700108975
12002.0,1,0.660328299971297
12002.0,1,0.472886900184676
12002.0,1,0.459605399984866
12002.0,1,0.509633200010285
12002.0,1,0.479252299992368
12002.0,1,0.698716000188142
12002.0,1,0.644875300116837
12002.0,1,0.656318600056693
12002.0,1,0.531487700063735
12002.0,1,0.635822199983522
12002.0,1,0.696124500129372
12002.0,1,0.681669299956411
12002.0,1,0.604919800069183
12002.0,1,0.617269199807197
12002.0,1,0.462577799800783
12002.0,1,0.465987300034612
12002.0,1,0.606072700116783
12002.0,1,0.63405800005421
12002.0,1,0.607874499866739
12002.0,1,0.556337299989536
12002.0,1,0.675393400015309
12002.0,1,0.525825300021097
12002.0,1,0.503849599976093
12002.0,1,0.703511600149795
12002.0,1,0.600709500024095
12002.0,1,0.638435299973935
12002.0,1,0.425724999979138
12002.0,1,0.647404100047424
12002.0,1,0.586350799771026
12002.0,1,0.633704999927431
12002.0,1,0.468448300147429
12002.0,1,0.527107700007036
12002.0,1,0.615755900042132
12002.0,0,0.39823539997451
12002.0,1,0.644900200190023
12003.0,1,1.53673829999752
12003.0,0,-0.12823610000487
12003.0,1,-0.0882180000044172
12003.0,0,-0.483095300005516
12003.0,1,-0.373316700002761
12003.0,0,-0.222965500004648
12003.0,0,-0.744516400001885
12003.0,0,0.382240300001286
12003.0,0,-0.946802100006607
12003.0,1,0.564371100001154
12003.0,0,-0.0212281999993138
12003.0,1,-0.0154899000044679
12003.0,1,-0.0157373000038205
12003.0,1,-0.194505900006334
12003.0,0,-0.0361548000000766
12003.0,1,-0.0613142000001971
12003.0,1,-0.133337200000824
12003.0,1,-0.560020400000212
12003.0,0,-0.858240699999442
12003.0,0,0.268554399997811
12003.0,0,-0.264131200005068
12003.0,1,-0.336899900001299
12003.0,0,-1.01131240000541
12003.0,1,-0.660437999998976
12003.0,0,-0.565618500004348
12003.0,1,0.535184199994546
12003.0,1,0.215847499996016
12003.0,1,-0.834735400007048
12003.0,0,-0.524800599996524
12003.0,0,-0.0941385000041918
12003.0,1,0.47233160000178
12003.0,1,0.587838699997519
12003.0,1,0.96881339999527
12003.0,1,-0.256625900001382
12003.0,0,-0.625569900003029
12003.0,0,-0.490826000001107
12003.0,0,-0.302246899998863
12003.0,1,-0.583479000000807
12003.0,0,0.550651999998081
12003.0,0,0.446691199998895
12004.0,1,1.30310879996978
12004.0,1,0.678596100071445
12004.0,1,0.569782100152224
12004.0,1,0.447805600007996
12004.0,1,0.516336600063369
12004.0,1,0.422045000130311
12004.0,0,0.425183099927381
12004.0,1,0.695408800151199
12004.0,1,0.58338150032796
12004.0,1,0.590208000037819
12004.0,1,0.571811300003901
12004.0,1,0.818828999996185
12004.0,1,0.6886276002042
12004.0,1,0.529354100115597
12004.0,1,0.54585130000487
12004.0,1,0.55374260013923
12004.0,1,1.07342970022
12004.0,1,0.451633000047877
12004.0,1,0.543141200207174
12004.0,1,0.463204600149766
12004.0,1,0.458675000118092
12004.0,1,0.510198100004345
12004.0,1,0.503850600216538
12004.0,1,0.3844681000337
12004.0,1,0.638467600103468
12004.0,1,0.87432250007987
12004.0,1,0.749970000237226
12004.0,1,0.508377200225368
12004.0,1,0.509672600077465
12004.0,1,0.520189400063828
12004.0,1,0.551755900029093
12004.0,1,0.462385999970138
12004.0,1,0.474125700304285
12004.0,1,0.357750300085172
12004.0,1,0.413073500152677
12004.0,1,0.377814600244164
12004.0,1,0.447999800089747
12004.0,1,0.628064499935135
12004.0,1,0.641089000040665
12004.0,1,0.46833990002051
12005.0,1,1.38798200013116
12005.0,1,1.24849100015126
12005.0,1,0.970974699826911
12005.0,1,1.33875569980592
12005.0,1,1.20935160014778
12005.0,1,1.26205240003765
12005.0,1,1.47225830005482
12005.0,1,0.947474000044167
12005.0,1,0.665986699983478
12005.0,1,1.08558330009691
12005.0,1,0.997996399877593
12005.0,1,1.03624269994907
12005.0,1,1.54290840006433
12005.0,1,0.830089199822396
12005.0,1,0.978689699899405
12005.0,1,1.02571430010721
12005.0,1,1.04596240003593
12005.0,1,0.913365800166503
12005.0,1,1.09878650004975
12005.0,1,1.01288089994341
12005.0,1,0.984487999929115
12005.0,1,1.09375220001675
12005.0,1,1.07968620001338
12005.0,1,0.922072499990463
12005.0,1,0.954259000020102
12005.0,1,0.873164700111374
12005.0,1,1.65220840019174
12005.0,1,2.03010120010003
12005.0,1,0.93072159984149
12005.0,1,0.593361799838021
12005.0,1,0.888380900025368
12005.0,1,0.809523399919271
12005.0,1,0.703342400025576
12005.0,1,0.928030099952593
12005.0,1,1.02436650008895
12005.0,1,0.923355699982494
12005.0,1,0.868949600029737
12005.0,1,0.93467739992775
12005.0,1,1.07765139988624
12005.0,1,0.760216099908575
12006.0,1,0.581592299742624
12006.0,1,0.501118300016969
12006.0,1,0.574360199971125
12006.0,1,0.66902369982563
12006.0,1,0.503468399867415
12006.0,1,0.551331599941477
12006.0,1,0.67882169992663
12006.0,1,0.768770399736241
12006.0,1,0.599382299929857
12006.0,1,0.589948300039396
12006.0,1,0.619874699739739
12006.0,1,0.439539199927822
12006.0,1,0.701471799751744
12006.0,1,0.445957999909297
12006.0,1,0.506122800055891
12006.0,1,0.426561699714512
12006.0,1,0.599056100007147
12006.0,1,0.493214699905366
12006.0,1,0.423410899937153
12006.0,1,0.404957799939439
12006.0,1,0.321653099730611
12006.0,1,0.434410199988633
12006.0,1,0.471296099945903
12006.0,1,0.457467699889094
12006.0,1,0.564719100017101
12006.0,1,0.587514800019562
12006.0,1,0.475082000019029
12006.0,1,0.557343799853697
12006.0,1,0.603335399879143
12006.0,1,0.361964700045064
12006.0,1,0.384397499728948
12006.0,1,0.526763800065964
12006.0,1,0.823637699941173
12006.0,1,0.507853899849579
12006.0,1,0.685261700069532
12006.0,1,0.359310599742457
12006.0,1,0.413639299804345
12006.0,1,0.715392199810594
12006.0,1,0.635768000036478
12006.0,1,0.60786179988645
12007.0,1,1.34279309999965
12007.0,1,1.32545059999939
12007.0,1,1.19119609999962
12007.0,1,1.24321500000042
12007.0,1,1.06195599999955
12007.0,1,1.23289409999961
12007.0,1,1.17438089999996
12007.0,1,1.31529219999902
12007.0,1,1.01191019999987
12007.0,1,0.984805000000051
12007.0,1,1.20656549999967
12007.0,1,1.12271580000015
12007.0,1,1.03542509999897
12007.0,1,1.05445889999919
12007.0,1,1.31453839999995
12007.0,1,1.06599599999936
12007.0,1,1.10984199999984
12007.0,1,0.919527000000016
12007.0,1,1.12745519999953
12007.0,1,0.991216699999313
12007.0,1,0.909232399999382
12007.0,1,1.01414149999982
12007.0,1,1.09045669999978
12007.0,1,0.931756999999379
12007.0,1,0.980769799999507
12007.0,1,1.11461469999995
12007.0,1,0.980156099999476
12007.0,1,0.849719099999675
12007.0,1,0.997114599999804
12007.0,1,0.938490499999716
12007.0,1,1.20214579999993
12007.0,1,0.807342600000084
12007.0,1,0.932091099999525
12007.0,1,0.868731999999909
12007.0,1,0.974251599999661
12007.0,1,0.805729699999574
12007.0,1,0.785285499999191
12007.0,1,1.09575070000028
12007.0,1,1.00239289999899
12007.0,1,0.878235299999687
12008.0,1,0.796670799987623
12008.0,1,1.36938249999366
12008.0,1,0.791703399998369
12008.0,1,0.628028199993423
12008.0,1,0.440606100004516
12008.0,1,0.59837810001045
12008.0,1,0.802763200001209
12008.0,1,0.408074299994041
12008.0,1,0.37310629998683
12008.0,1,0.53306389998761
12008.0,0,0.32539359999646
12008.0,1,0.821945899995626
12008.0,1,0.506257199987886
12008.0,1,0.354948399995919
12008.0,1,0.562232899988885
12008.0,1,0.675305600001593
12008.0,1,0.484886399994139
12008.0,1,0.400145699997665
12008.0,1,0.524424500006717
12008.0,1,0.381631399999605
12008.0,1,0.588915499989525
12008.0,1,0.553996199989342
12008.0,1,0.585033399998792
12008.0,1,0.552032999999938
12008.0,1,0.519022899999982
12008.0,1,0.454788999995799
12008.0,1,0.418756499988376
12008.0,1,0.391060699985246
12008.0,1,0.701235800006543
12008.0,1,0.479724099990562
12008.0,1,0.448872599983588
12008.0,1,1.7253905999969
12008.0,1,0.380639299997711
12008.0,1,0.491722600010689
12008.0,1,0.709380199987208
12008.0,1,0.47153629999957
12008.0,1,0.409897199991974
12008.0,1,0.590339500005939
12008.0,1,1.55615069999476
12008.0,1,0.379969899993739
12009.0,1,1.16368399999919
12009.0,1,1.24899389999337
12009.0,1,0.365095600005588
12009.0,1,0.364234599997871
12009.0,1,0.491021100009675
12009.0,1,0.781337899999926
12009.0,1,0.787509000001592
12009.0,1,0.657811799988849
12009.0,1,0.484281799988821
12009.0,1,0.621484499992221
12009.0,1,0.531216000003042
12009.0,1,0.715917399997124
12009.0,1,0.547986799996579
12009.0,1,0.460695000001579
12009.0,1,0.537239500001306
12009.0,1,0.687634999994771
12009.0,1,0.577678999994532
12009.0,1,0.512876799999503
12009.0,1,0.505642300006002
12009.0,1,0.379052899996168
12009.0,1,0.362217000001692
12009.0,1,0.570237100007944
12009.0,1,0.648384200001601
12009.0,1,0.507932199994684
12009.0,1,0.549369500004104
12009.0,1,0.597068999995827
12009.0,1,0.467095399988466
12009.0,1,0.439364899997599
12009.0,1,0.586148899994441
12009.0,1,0.328132599999662
12009.0,1,0.506048800001736
12009.0,1,0.481893000003765
12009.0,1,0.422201299996232
12009.0,1,0.369591099995887
12009.0,1,0.431783099993481
12009.0,1,0.372836899987306
12009.0,1,0.651743000009446
12009.0,1,0.639637299987953
12009.0,1,0.467507800000021
12009.0,0,0.373528399999486
12010.0,1,0.71458350001194
12010.0,1,0.634663599994383
12010.0,1,0.391142700013006
12010.0,1,0.564278899997589
12010.0,1,0.476911200006725
12010.0,1,0.590329800004838
12010.0,0,0.36590229999274
12010.0,1,0.604954199996428
12010.0,1,0.418044400008512
12010.0,1,0.558671000006143
12010.0,1,0.700604600002407
12010.0,1,0.463791300004232
12010.0,1,0.609953599996516
12010.0,1,0.511125499993796
12010.0,1,0.50547469999583
12010.0,1,0.465940000009141
12010.0,1,0.582071900003939
12010.0,1,0.41294320000452
12010.0,1,0.521930699993391
12010.0,1,0.547626300001866
12010.0,0,0.387119100007112
12010.0,1,0.792336600003182
12010.0,1,0.743410900002345
12010.0,1,0.503202600011718
12010.0,1,0.583541200001491
12010.0,1,0.565986400004476
12010.0,1,0.518240500008687
12010.0,1,0.4383516000089
12010.0,1,0.530240599997342
12010.0,1,0.546768800006248
12010.0,1,0.482606000005035
12010.0,1,0.501617599991732
12010.0,1,0.590923600000679
12010.0,1,0.412330499995733
12010.0,1,0.522995000006631
12010.0,1,0.506559600005858
12010.0,1,0.594952200000989
12010.0,1,0.561069800009136
12010.0,1,0.521221600007266
12010.0,1,0.577450700002373
12011.0,1,0.61953079997329
12011.0,1,0.681185399997048
12011.0,1,0.602717499947175
12011.0,1,0.614918900013436
12011.0,1,0.581231100019068
12011.0,1,0.66741270001512
12011.0,1,0.606098099960946
12011.0,1,0.732264100050088
12011.0,1,0.509392299980391
12011.0,1,0.541693200008012
12011.0,1,0.629497199959587
12011.0,1,0.657642600010149
12011.0,1,0.749185900029261
12011.0,1,0.685479999985546
12011.0,1,0.495867200021166
12011.0,1,0.514244299964048
12011.0,1,0.61101829999825
12011.0,1,0.639628399978392
12011.0,1,0.572592200012878
12011.0,1,0.514448500005528
12011.0,1,0.524514099990483
12011.0,1,0.507865799998399
12011.0,1,0.580991399998311
12011.0,1,0.620376900013071
12011.0,1,0.592620499955956
12011.0,1,0.543378700036556
12011.0,1,0.495381999993697
12011.0,1,0.600266000023112
12011.0,1,0.46228889998747
12011.0,1,0.538039100007154
12011.0,1,0.585089800006244
12011.0,1,0.583042500016745
12011.0,1,0.638592700008303
12011.0,1,0.674289399990812
12011.0,1,1.00425459997496
12011.0,1,0.433328600018285
12011.0,1,0.717766000016127
12011.0,1,0.573868999956176
12011.0,1,0.540361699997447
12011.0,1,0.70877130003646
12012.0,1,0.7204870999999
12012.0,1,0.607844599999908
12012.0,1,0.822508799999923
12012.0,1,0.529989699999987
12012.0,1,0.569569199999933
12012.0,1,0.544318900000007
12012.0,1,0.696182199999839
12012.0,1,0.506006600000092
12012.0,1,0.619261199999983
12012.0,1,0.512118900000132
12012.0,1,0.5535382999999
12012.0,1,0.65735339999992
12012.0,1,0.49173780000001
12012.0,1,0.566328099999964
12012.0,1,0.461702399999922
12012.0,1,0.546143999999913
12012.0,1,0.506018900000072
12012.0,1,0.53828169999997
12012.0,0,0.41878870000005
12012.0,1,0.583306099999845
12012.0,1,0.518805499999871
12012.0,1,0.525731599999972
12012.0,1,0.494330699999864
12012.0,1,0.522260499999902
12012.0,1,0.529931400000123
12012.0,1,0.619229099999984
12012.0,1,0.56012150000015
12012.0,1,0.479286099999854
12012.0,1,0.544814000000088
12012.0,1,0.808886999999913
12012.0,1,0.462256499999967
12012.0,1,0.378145700000005
12012.0,1,0.392318100000011
12012.0,1,0.389879199999996
12012.0,1,0.515904900000123
12012.0,1,0.885203300000057
12012.0,1,0.598891300000105
12012.0,1,0.71627639999997
12012.0,1,0.717819899999995
12012.0,1,0.71044710000001
12013.0,1,1.12467479999759
12013.0,1,0.948940100002801
12013.0,1,0.539738299994497
12013.0,1,0.556107900018105
12013.0,1,0.538505700009409
12013.0,1,0.667052100005094
12013.0,1,0.69515000001411
12013.0,1,0.719829400011804
12013.0,1,0.552573900000425
12013.0,1,0.607952499995008
12013.0,1,0.669057099992642
12013.0,1,0.519427999999607
12013.0,1,0.639707800000906
12013.0,1,0.675390499993227
12013.0,1,0.662459599989234
12013.0,1,0.555061599996407
12013.0,1,0.506301999994321
12013.0,1,0.482668899989221
12013.0,1,0.549588800000492
12013.0,1,0.670026399980998
12013.0,1,0.527586300013354
12013.0,1,0.617152199993143
12013.0,1,0.669714000017848
12013.0,1,0.841295099991839
12013.0,1,0.636785900016548
12013.0,1,0.623606999986805
12013.0,1,0.53208109998377
12013.0,1,0.485075500007952
12013.0,1,0.934917000005953
12013.0,1,0.566035399999237
12013.0,1,0.637263800017536
12013.0,1,0.4974337000167
12013.0,1,0.523654000018723
12013.0,1,0.55664200001047
12013.0,1,0.580427300010342
12013.0,1,0.474102800013497
12013.0,1,0.476247299986426
12013.0,1,0.591980099998182
12013.0,1,0.660467099980451
12013.0,1,0.672153299994534
12.014,1,0.759738799999468
12.014,1,0.710538699990138
12.014,1,0.567838000017218
12.014,1,0.613329899962991
12.014,1,0.594643999997061
12.014,1,0.504530499980319
12.014,0,0.346601400000509
12.014,1,0.826893399993423
12.014,1,0.446715599973686
12.014,1,0.779320199973881
12.014,1,0.513043300015852
12.014,1,0.682621099986136
12.014,1,0.557034500001464
12.014,1,0.452819700003602
12.014,1,0.663391999958549
12.014,1,0.69107320002513
12.014,1,0.48529470001813
12.014,1,0.431481399980839
12.014,1,0.692023699986748
12.014,1,0.509871900023427
12.014,1,0.639811499975622
12.014,1,0.498931699956302
12.014,1,0.588638100016396
12.014,1,0.676038899982814
12.014,1,0.484814400027972
12.014,1,0.5747168000089
12.014,1,0.693799400003627
12.014,1,0.551778299966827
12.014,1,0.942782600002829
12.014,1,0.527461999969091
12.014,1,0.575125199975446
12.014,1,0.590770000009798
12.014,1,0.659518799977377
12.014,1,0.462189400044736
12.014,1,0.521727000013925
12.014,1,0.515307399968151
12.014,1,0.523894999991171
12.014,1,0.548404900007881
12.014,1,0.740726999996696
12.014,1,0.917360500025097
12015.0,1,1.00956129992846
12015.0,1,0.718179899966344
12015.0,1,0.63058719993569
12015.0,1,0.924287599977106
12015.0,1,0.475093799992464
12015.0,1,0.53451759996824
12015.0,1,0.989377500023693
12015.0,1,0.603738599922508
12015.0,1,0.568172100000083
12015.0,1,0.590806099935435
12015.0,1,0.446205899934284
12015.0,0,0.377536100102588
12015.0,1,1.98430439992808
12015.0,1,0.701208099955693
12015.0,1,0.926206099917181
12015.0,1,0.879446700098924
12015.0,1,0.665153500041924
12015.0,1,0.660965800052509
12015.0,1,0.993103599990718
12015.0,1,0.565491800080054
12015.0,1,0.564584800042212
12015.0,1,0.755659400019795
12015.0,1,0.899238299927674
12015.0,1,0.676474199979566
12015.0,1,0.615930699976161
12015.0,1,0.636856700060889
12015.0,1,0.6173522999743
12015.0,1,0.549038599943742
12015.0,1,0.75732189998962
12015.0,1,0.523890199954621
12015.0,1,0.7404618000146
12015.0,1,0.588315899949521
12015.0,1,0.570300500025041
12015.0,1,0.514173399889842
12015.0,1,0.834088199888356
12015.0,1,0.542385800043121
12015.0,1,0.534530699951574
12015.0,1,0.869764599949121
12015.0,1,1.23345140006859
12015.0,1,0.564606699976139
12016.0,1,1.05705780000426
12016.0,1,0.668679900001734
12016.0,1,0.646799699999974
12016.0,1,0.585945499988156
12016.0,1,0.615927000006195
12016.0,1,0.750436400005128
12016.0,1,0.805036099991412
12016.0,1,0.586877599998843
12016.0,1,0.512029499994242
12016.0,1,0.690280499999062
12016.0,1,0.555090199995902
12016.0,1,0.779742999991868
12016.0,0,0.529901599991717
12016.0,1,1.24176929998794
12016.0,1,0.597865999996429
12016.0,1,0.858823399990797
12016.0,1,0.894737800001167
12016.0,1,1.1606666000007
12016.0,1,0.815832499996759
12016.0,1,0.931541699988884
12016.0,1,0.620706599991536
12016.0,1,0.888545599998906
12016.0,1,0.683740499996929
12016.0,1,0.684720899997046
12016.0,1,0.607834499998717
12016.0,1,0.868017300002975
12016.0,1,0.575041199990665
12016.0,1,0.48491619998822
12016.0,1,0.590721000000485
12016.0,1,0.756897399987793
12016.0,1,0.589030999995884
12016.0,1,0.571031900006346
12016.0,1,0.848972499996307
12016.0,1,0.58080599999812
12016.0,1,0.554532199996174
12016.0,1,0.699255900006392
12016.0,1,0.764549300001818
12016.0,1,0.658098999992944
12016.0,1,0.550460600003134
12016.0,1,0.533712800010107
12017.0,1,0.674453400017228
12017.0,1,0.620900999987498
12017.0,1,0.489735000010114
12017.0,1,0.403325100021902
12017.0,1,0.40821429999778
12017.0,1,0.453734499984421
12017.0,1,0.393624399963301
12017.0,0,0.375013199984096
12017.0,1,0.989707800035831
12017.0,1,0.507596700044814
12017.0,1,0.46144970000023
12017.0,1,0.464904399996158
12017.0,1,0.540147599996999
12017.0,1,0.523771100037266
12017.0,1,0.524323799996637
12017.0,1,0.630550900008529
12017.0,1,0.595049600000493
12017.0,1,0.44019880000269
12017.0,1,0.491399099992123
12017.0,1,0.382659399998374
12017.0,1,0.372779799974523
12017.0,1,0.442927900003269
12017.0,1,0.560807599977124
12017.0,1,0.583243500033859
12017.0,1,0.493206999963149
12017.0,1,0.440369000018109
12017.0,1,0.500078300014138
12017.0,1,0.461460100021213
12017.0,1,0.552510100009385
12017.0,1,0.351713099982589
12017.0,1,0.447467899997719
12017.0,1,0.363043599994853
12017.0,0,0.356231299985666
12017.0,1,0.601662100001704
12017.0,1,0.574957699980587
12017.0,1,0.485607700014953
12017.0,1,0.440003799973056
12017.0,1,0.619888300017919
12017.0,1,0.473582100006752
12017.0,1,0.467467400012538
12018.0,1,0.792240300000003
12018.0,0,0.590172500000108
12018.0,1,0.676747499999919
12018.0,1,0.51854359999993
12018.0,1,0.543361499999946
12018.0,1,0.527248699999973
12018.0,1,0.583870200000092
12018.0,1,0.510508699999946
12018.0,1,0.527064999999993
12018.0,1,0.440165099999831
12018.0,1,0.469141499999978
12018.0,1,0.966530899999952
12018.0,1,0.654084100000091
12018.0,1,0.457371199999898
12018.0,1,0.436869099999967
12018.0,1,0.442007699999976
12018.0,1,0.693559300000061
12018.0,1,0.542305999999826
12018.0,1,0.638146800000186
12018.0,1,0.538850800000091
12018.0,1,0.706403200000068
12018.0,1,0.468918499999972
12018.0,1,0.48665989999995
12018.0,1,0.448756099999855
12018.0,1,0.660655599999927
12018.0,1,0.559725899999876
12018.0,1,0.726393499999858
12018.0,1,0.503707099999929
12018.0,0,0.696501099999978
12018.0,0,0.667070200000126
12018.0,1,1.15737669999999
12018.0,1,0.6290876999999
12018.0,1,0.641558999999916
12018.0,1,0.573616700000002
12018.0,1,0.754732999999987
12018.0,1,0.449910699999919
12018.0,1,0.423644899999999
12018.0,0,0.419911499999898
12018.0,1,0.768830399999842
12018.0,1,0.614797800000133
12019.0,1,0.678874099976383
12019.0,1,0.472770099993795
12019.0,1,0.603446999972221
12019.0,1,0.56883399997605
12019.0,1,0.510574100015219
12019.0,1,0.520870700012892
12019.0,1,0.71422080002958
12019.0,1,0.482471399998758
12019.0,1,0.556870699976571
12019.0,1,0.323839499964379
12019.0,1,0.541804900043644
12019.0,1,0.556696499988902
12019.0,1,0.612588899966795
12019.0,1,0.506357600039337
12019.0,1,0.530683699995279
12019.0,1,0.548237400013022
12019.0,1,0.523101400001906
12019.0,1,0.389014099957421
12019.0,1,0.507341399963479
12019.0,1,0.539477200014517
12019.0,1,0.459518899966497
12019.0,1,0.431275799986906
12019.0,1,0.467312299995683
12019.0,1,0.462276900012512
12019.0,1,0.458020000020042
12019.0,1,0.501310900028329
12019.0,1,0.534444399992935
12019.0,1,0.526664500008337
12019.0,1,0.487337499973364
12019.0,1,0.401565800013486
12019.0,1,0.454376599984244
12019.0,1,0.458191099984106
12019.0,1,0.365111900027841
12019.0,1,0.373197800014168
12019.0,1,0.492314699979033
12019.0,1,0.534194000007119
12019.0,1,0.445553699973971
12019.0,1,0.457755899988115
12019.0,1,0.54109640000388
12019.0,1,0.492017599986866
12021.0,1,0.918538900325075
12021.0,1,0.590930599952117
12021.0,1,0.476222000084817
12021.0,1,0.487107200082392
12021.0,1,0.713408700190485
12021.0,1,0.450607400154695
12021.0,1,0.573984800139442
12021.0,1,0.403852400137111
12021.0,1,0.513502900255844
12021.0,1,0.491109500173479
12021.0,1,0.485155600123107
12021.0,1,0.511236200109124
12021.0,1,0.497606200166047
12021.0,1,0.490591800073162
12021.0,1,0.54940879996866
12021.0,1,0.492445800220594
12021.0,1,0.502388200024143
12021.0,1,0.439819800201803
12021.0,1,0.485260000219569
12021.0,1,0.421374100260436
12021.0,1,0.4024082000833
12021.0,1,0.385359000181779
12021.0,1,0.502381200203672
12021.0,1,0.504687800304964
12021.0,1,0.537152600008994
12021.0,1,0.416335399961099
12021.0,1,0.519740500021726
12021.0,1,0.526614800095558
12021.0,1,0.391537700081244
12021.0,1,0.533461600076407
12021.0,1,0.454581500031054
12021.0,1,0.441917900228873
12021.0,1,0.397589800180867
12021.0,1,0.411204700125381
12021.0,1,0.473022599937394
12021.0,1,0.451776400208473
12021.0,1,0.342862999998033
12021.0,1,0.47884549992159
12021.0,1,0.473926000064239
12021.0,1,0.460166300181299
12045.0,1,0.815410499984864
12045.0,1,0.79585270001553
12045.0,1,0.600294600008056
12045.0,1,0.61287250003079
12045.0,1,0.47605029999977
12045.0,1,0.496666199993342
12045.0,1,0.778594500035979
12045.0,1,0.540504899981897
12045.0,1,0.518343500036281
12045.0,1,0.653533399978187
12045.0,1,0.732810200017411
12045.0,1,0.555992399982642
12045.0,1,0.464572799974121
12045.0,1,0.346655600005761
12045.0,1,0.580673399963416
12045.0,1,0.622571600019
12045.0,1,0.456505300011486
12045.0,1,0.41858629998751
12045.0,1,0.56449070002418
12045.0,1,0.515851100033615
12045.0,1,0.39246559998719
12045.0,1,0.485010300006252
12045.0,1,0.572321199986618
12045.0,1,0.579642900032923
12045.0,1,1.16818889998831
12045.0,1,0.505869999993593
12045.0,1,0.443848400027491
12045.0,1,0.499284800025634
12045.0,1,0.583786399976816
12045.0,1,0.449700299999677
12045.0,1,0.488949599966872
12045.0,1,0.528198799991515
12045.0,1,0.463436199992429
12045.0,1,0.297360799973831
12045.0,1,0.526034499984235
12045.0,1,0.413390399946366
12045.0,1,0.453011900011916
12045.0,1,0.494541599997319
12045.0,1,0.64084659999935
12045.0,1,0.383833099971525
12046.0,1,0.903458200000387
12046.0,1,1.04143790000126
12046.0,1,0.873358400001962
12046.0,1,0.508793200000582
12046.0,1,0.609285700000328
12046.0,1,0.385684200000469
12046.0,1,0.930622000001676
12046.0,1,1.00142870000127
12046.0,1,0.473509600000398
12046.0,1,0.893102400001226
12046.0,1,0.69234250000045
12046.0,1,0.780451299999186
12046.0,1,0.845740200000364
12046.0,1,0.708863800000472
12046.0,1,0.977539800001978
12046.0,1,0.926113800000167
12046.0,1,0.812557499999457
12046.0,1,0.74070329999995
12046.0,1,0.912070000002132
12046.0,1,0.612586400000509
12046.0,1,0.659967100000358
12046.0,1,0.869849100001375
12046.0,1,0.834299400001328
12046.0,1,0.646860999999262
12046.0,1,0.805999000000156
12046.0,1,0.637378800000079
12046.0,1,0.681985000001077
12046.0,1,1.02538580000146
12046.0,1,0.923257700002068
12046.0,1,0.722530000000916
12046.0,1,0.817899300000136
12046.0,1,0.79459720000159
12046.0,1,0.679284200001348
12046.0,1,0.627852900001017
12046.0,1,0.866973000000144
12046.0,1,0.596894200001771
12046.0,1,0.761629399999947
12046.0,1,0.704266799999459
12046.0,1,1.09071200000108
12046.0,1,1.42599770000015
12048.0,1,0.792572400008794
12048.0,1,0.630208000016864
12048.0,1,0.649673699983396
12048.0,1,0.654482399986591
12048.0,1,0.60864190000575
12048.0,1,0.661450399988098
12048.0,1,0.576690700021572
12048.0,1,0.654790200002026
12048.0,1,0.562127799988957
12048.0,1,0.657365199993365
12048.0,1,0.621449600002961
12048.0,1,0.51302320000832
12048.0,1,0.538228700024774
12048.0,1,0.45029579999391
12048.0,1,0.559237500012387
12048.0,1,0.622130000003381
12048.0,1,0.82678850000957
12048.0,1,0.607838399999309
12048.0,1,0.620205699990038
12048.0,1,0.544514600012917
12048.0,1,0.585298999998486
12048.0,1,0.526428399985889
12048.0,1,0.727459500019904
12048.0,1,0.66547399997944
12048.0,1,0.635665200010408
12048.0,1,0.599219199997606
12048.0,1,0.701598399988143
12048.0,1,0.501934700005222
12048.0,1,0.511272700008703
12048.0,1,0.392796600004658
12048.0,1,0.566926599974977
12048.0,1,0.559431000001496
12048.0,1,0.421212199988076
12048.0,1,0.468265500006964
12048.0,1,0.54815069999313
12048.0,1,0.404381200001808
12048.0,1,0.467083800002001
12048.0,1,0.661399700009497
12048.0,0,0.40986200000043
12048.0,1,0.637777500000084
12049.0,1,0.826304399990477
12049.0,1,0.799314799980493
12049.0,1,0.516235199975199
12049.0,1,0.758136899981764
12049.0,1,0.684162399993511
12049.0,1,0.742150399993989
12049.0,1,0.959348699980183
12049.0,1,0.661269299991545
12049.0,1,0.832851699989988
12049.0,1,0.692657099993085
12049.0,1,0.758408599998802
12049.0,1,0.749302199983504
12049.0,1,0.900949899980333
12049.0,1,0.774459699983709
12049.0,1,0.685233199998038
12049.0,1,0.759337299983599
12049.0,1,0.869830899988301
12049.0,1,0.704792999982601
12049.0,1,0.665743999983533
12049.0,1,0.676588999980595
12049.0,1,0.615581199977896
12049.0,1,0.685315299982904
12049.0,1,0.66335469999467
12049.0,1,0.738636399983079
12049.0,1,0.777221499985899
12049.0,1,0.519999599986477
12049.0,1,0.753047199992579
12049.0,1,0.935411499987822
12049.0,1,0.527565799988224
12049.0,1,0.599894299986772
12049.0,1,0.621775899984641
12049.0,1,0.47428109998873
12049.0,1,0.549280699997325
12049.0,1,0.629039199993713
12049.0,1,0.705946899979608
12049.0,1,0.426521999979741
12049.0,1,0.49513169999409
12049.0,1,0.537678299981053
12049.0,1,0.497048899982474
12049.0,1,0.635410299990326
12054.0,1,0.430761200143024
12054.0,1,0.682411900022998
12054.0,1,0.629845499992371
12054.0,1,0.649286200059578
12054.0,1,0.676948399981484
12054.0,1,0.831542899832129
12054.0,1,0.395487000001594
12054.0,1,0.449751599924639
12054.0,1,0.462162600131705
12054.0,1,0.464848299976438
12054.0,1,0.532505899900571
12054.0,1,0.605870499974117
12054.0,1,0.659672900103033
12054.0,1,0.429141700034961
12054.0,1,0.506865999894217
12054.0,1,0.500140700023621
12054.0,1,0.518136700149626
12054.0,1,0.542578799882904
12054.0,1,0.567646099952981
12054.0,1,0.732645899988711
12054.0,1,0.43721320014447
12054.0,1,0.441606800071895
12054.0,1,0.49368270020932
12054.0,1,0.512783499900252
12054.0,1,0.481426500016823
12054.0,1,0.539855699986219
12054.0,1,0.772147999843583
12054.0,1,0.497842099983245
12054.0,1,0.539788400055841
12054.0,1,0.491686800029129
12054.0,1,0.462150899926201
12054.0,1,0.546607700176537
12054.0,1,0.689360900083557
12054.0,1,0.426654299953952
12054.0,1,0.41691100015305
12054.0,1,0.477403300115839
12054.0,1,0.448429399868473
12054.0,1,0.475902700098231
12054.0,1,0.462707000086084
12054.0,1,0.649636999936774
2001.0,1,0.798007400240749
2001.0,1,0.721252599963918
2001.0,1,0.634391500148922
2001.0,1,0.557058000238612
2001.0,1,0.470809500198811
2001.0,1,0.448525800136849
2001.0,1,0.423443400068209
2001.0,1,0.519718900090083
2001.0,1,0.553948400076479
2001.0,1,0.535288100130856
2001.0,1,0.459653800120577
2001.0,1,0.64040210028179
2001.0,1,0.622684000059962
2001.0,1,0.387819500174373
2001.0,1,0.586213200120255
2001.0,1,0.582658700179309
2001.0,1,0.636304200161248
2001.0,1,0.565559400012717
2001.0,1,0.509572300128639
2001.0,1,0.506932000163943
2001.0,1,-0.787836899748072
2001.0,1,0.575255099916831
2001.0,1,0.538388800108805
2001.0,1,0.439110500272363
2001.0,0,0.533494700212032
2001.0,1,0.618384300265461
2001.0,1,0.576142200035974
2001.0,1,0.576502400217578
2001.0,1,0.45003499998711
2001.0,1,0.495235700160265
2001.0,1,0.565713899908587
2001.0,1,0.450733399949968
2001.0,1,0.54911720007658
2001.0,1,0.583589500049129
2001.0,1,0.447225000243634
2001.0,1,0.39481190033257
2001.0,1,0.493521200027317
2001.0,1,0.383908400079235
2001.0,1,0.53557790024206
2001.0,1,0.599819200113416
2005.0,1,1.54703609997523
2005.0,1,0.697755800007144
2005.0,1,0.764062900008867
2005.0,1,1.09866960000363
2005.0,1,0.683771000010893
2005.0,1,0.925743800005876
2005.0,1,0.783085899980506
2005.0,1,0.789551199995913
2005.0,1,1.14870799999335
2005.0,1,0.665222300012829
2005.0,1,0.692809499974828
2005.0,1,0.912207199988188
2005.0,1,1.47286579999491
2005.0,1,0.794450299988966
2005.0,1,0.681281900004251
2005.0,1,0.683631399995647
2005.0,0,0.726349300006405
2005.0,0,0.749346600001445
2005.0,1,1.22946239999146
2005.0,1,0.915276999992784
2005.0,1,0.747129099996528
2005.0,1,0.616488200001186
2005.0,1,0.839260000007926
2005.0,1,0.827106199983973
2005.0,1,0.752144600002794
2005.0,1,0.71884929999942
2005.0,1,1.19126279998454
2005.0,1,1.95646739998483
2005.0,1,0.659253599995282
2005.0,1,0.741499999974621
2005.0,1,0.614085700013675
2005.0,1,0.691162699979031
2005.0,1,0.996693299995968
2005.0,1,0.769399199984036
2005.0,1,0.639104400004726
2005.0,1,0.604152999992948
2005.0,1,0.562773699988611
2005.0,1,0.745225200022105
2005.0,1,0.824739899981068
2005.0,1,0.820467699988512
9001.0,1,1.16500789998099
9001.0,1,0.871920199948363
9001.0,1,0.49134069995489
9001.0,1,0.570441999996547
9001.0,1,0.770800599944778
9001.0,1,0.663561199966352
9001.0,1,1.12368259998038
9001.0,1,0.765226399991661
9001.0,1,0.73173510003835
9001.0,0,0.565517099981662
9001.0,1,1.21723939996446
9001.0,1,0.641943799972069
9001.0,1,0.745451900002081
9001.0,1,0.704699599999003
9001.0,1,1.57855909998761
9001.0,1,0.937217900005635
9001.0,1,0.798802400007844
9001.0,1,0.849045200040564
9001.0,1,0.930520499998238
9001.0,1,0.820910300011747
9001.0,1,0.590086199983489
9001.0,1,0.647441400040407
9001.0,1,0.700413300015498
9001.0,1,0.713953499973286
9001.0,1,0.757579600031022
9001.0,1,0.462593300035223
9001.0,1,0.727422300027683
9001.0,1,0.52799639996374
9001.0,1,0.721601400000509
9001.0,1,0.885288799996488
9001.0,1,0.665498099988326
9001.0,1,0.91422330000205
9001.0,1,0.824000100023113
9001.0,1,0.809164799982682
9001.0,1,1.02055640000617
9001.0,1,0.798821500036865
9001.0,1,0.649001599987969
9001.0,1,0.703521999996156
9001.0,1,1.01284209999721
9001.0,1,0.744838199985679
9002.0,1,0.62606479995884
9002.0,1,0.664081399969291
9002.0,1,0.654417300014757
9002.0,1,0.61954300000798
9002.0,1,0.589345799991861
9002.0,1,0.515664100006688
9002.0,1,0.512271700019483
9002.0,1,0.545182100031525
9002.0,1,0.608870199997909
9002.0,1,0.625056600023527
9002.0,1,0.635105299996212
9002.0,1,0.648398199991789
9002.0,1,0.563715900003444
9002.0,1,0.451494699984323
9002.0,1,0.528967000020202
9002.0,1,0.580149799992796
9002.0,1,0.53367650002474
9002.0,1,0.509794300014619
9002.0,1,0.595670700015035
9002.0,1,0.575879100011662
9002.0,1,0.473547899979167
9002.0,1,0.556495099968743
9002.0,1,0.616114499978721
9002.0,1,0.560359600000083
9002.0,1,0.599954899982549
9002.0,1,0.714997099945322
9002.0,1,0.563252500025555
9002.0,1,0.466438100032974
9002.0,1,0.570626300002914
9002.0,1,0.643239700002596
9002.0,1,0.48052679997636
9002.0,1,0.521237000008114
9002.0,1,0.445554199977778
9002.0,1,0.472374600009061
9002.0,1,0.539662400027737
9002.0,1,0.572273800033145
9002.0,1,0.55330089997733
9002.0,1,0.554773299954832
9002.0,1,0.607214999967255
9002.0,1,0.473660499963444
9003.0,1,1.0734748999821
9003.0,1,0.588523300015368
9003.0,1,0.670469099946786
9003.0,1,0.629126599989831
9003.0,1,0.686200800002553
9003.0,1,0.659051699971315
9003.0,1,0.635657600010745
9003.0,1,0.448545199993532
9003.0,1,0.417864300019573
9003.0,1,0.524733999976888
9003.0,1,1.48082339996472
9003.0,1,0.573473199969158
9003.0,1,0.954157900006976
9003.0,1,0.528834400000051
9003.0,1,0.517153399996459
9003.0,1,0.615451999998186
9003.0,1,0.519359799975064
9003.0,1,0.396972200018354
9003.0,1,0.682643999985885
9003.0,1,0.429391499958001
9003.0,1,0.381466699996963
9003.0,1,0.500778099987656
9003.0,1,0.851778200012632
9003.0,1,0.497616500011645
9003.0,1,0.71386670001084
9003.0,1,0.499908900004812
9003.0,1,0.457214199996088
9003.0,1,0.434850400022697
9003.0,1,0.534612699993886
9003.0,1,0.569448599999305
9003.0,1,0.525655100005679
9003.0,1,0.538970299996436
9003.0,1,0.521331099967938
9003.0,1,0.709044800023548
9003.0,1,0.491696799988858
9003.0,1,0.406095299986191
9003.0,1,0.383368599985261
9003.0,1,0.792311199998949
9003.0,1,0.560313900001347
9003.0,1,0.431312100030482
9004.0,1,0.816899999976158
9004.0,1,0.876793700037524
9004.0,1,0.991554100066423
9004.0,1,0.584908800083213
9004.0,1,0.601621999987401
9004.0,1,0.804742100066505
9004.0,1,0.640834099962376
9004.0,1,0.673116000019945
9004.0,1,0.581725700059906
9004.0,1,0.624810200068168
9004.0,1,0.598469299962744
9004.0,1,0.967296699993312
9004.0,1,0.784094500006177
9004.0,1,0.517124800011516
9004.0,1,0.653823399916291
9004.0,1,0.750110400025733
9004.0,1,0.780205999966711
9004.0,1,0.569122900022194
9004.0,1,0.781582299969159
9004.0,1,0.645292100030929
9004.0,1,0.540589799988084
9004.0,1,0.68747479992453
9004.0,1,0.645633600070141
9004.0,1,0.689520300016738
9004.0,1,0.680903399945237
9004.0,1,0.608643000014126
9004.0,1,0.916456999955699
9004.0,1,0.447035999968648
9004.0,1,0.849795900052413
9004.0,1,0.502158500021324
9004.0,1,0.550238199997693
9004.0,1,0.515299499966204
9004.0,1,0.636043400038034
9004.0,1,0.54663699993398
9004.0,1,0.58160959999077
9004.0,1,0.464534300030209
9004.0,1,0.461872800020501
9004.0,1,0.628978900029324
9004.0,1,0.62795220001135
9004.0,1,0.640783399925567
9005.0,1,2.04381589998957
9005.0,1,0.949188200058416
9005.0,1,0.516481600003317
9005.0,1,1.03950119996443
9005.0,1,0.753844499937259
9005.0,1,0.894717099959962
9005.0,1,0.95306799991522
9005.0,1,0.995734500000253
9005.0,1,1.07096440007444
9005.0,1,1.0538169000065
9005.0,1,0.794798000017181
9005.0,1,0.889895400032401
9005.0,1,0.945162099902518
9005.0,1,0.81959630001802
9005.0,1,0.980674899998121
9005.0,1,0.884391600033268
9005.0,1,0.860775999957696
9005.0,1,0.979192800004967
9005.0,1,0.95254460000433
9005.0,1,0.845646600006148
9005.0,1,0.597496500005946
9005.0,1,0.769311300013214
9005.0,1,0.888523600064218
9005.0,1,0.828595399972983
9005.0,1,0.834306400036439
9005.0,1,0.863129299948923
9005.0,1,0.81886320002377
9005.0,1,0.665395100018941
9005.0,1,0.740672699990682
9005.0,1,0.930503700044937
9005.0,1,0.620086300070398
9005.0,1,0.702724399976432
9005.0,1,0.734568999963813
9005.0,1,0.850118899950758
9005.0,1,0.847656999947503
9005.0,1,0.455613699974492
9005.0,1,0.500695600057952
9005.0,1,0.797416799934581
9005.0,1,0.684401899925433
9005.0,1,0.619438800029457
9006.0,1,0.812512399978004
9006.0,1,0.689022300066426
9006.0,1,0.649277099990286
9006.0,1,0.582636100007221
9006.0,1,0.419593899976462
9006.0,1,0.561786299920641
9006.0,1,0.556773800053634
9006.0,1,0.507880500052124
9006.0,1,0.339876599959098
9006.0,1,0.362172099994496
9006.0,1,0.615861600032076
9006.0,1,0.657776299980469
9006.0,1,0.429252200061455
9006.0,1,0.396567999967374
9006.0,1,0.551653900067322
9006.0,1,0.562733700033277
9006.0,1,0.714655900024809
9006.0,1,0.500768099911511
9006.0,1,0.654258499969728
9006.0,1,0.552731900010258
9006.0,1,0.543185700080357
9006.0,1,0.458539900020696
9006.0,1,0.45473909995053
9006.0,1,0.513643100042827
9006.0,1,0.431883099954575
9006.0,1,0.481814300059341
9006.0,1,0.510272599989548
9006.0,1,0.387832800042816
9006.0,1,0.468364399974234
9006.0,1,0.604348300024867
9006.0,1,0.430250500096008
9006.0,1,0.457734899944626
9006.0,1,0.514853299944662
9006.0,1,0.446053000050597
9006.0,1,0.443046499975026
9006.0,1,0.824564100010321
9006.0,1,0.436678999918513
9006.0,1,0.466507200035267
9006.0,1,0.542303800000809
9006.0,1,0.559371200040914
77092.0,1,0.544378913111359
77092.0,1,0.537814387082108
77092.0,1,0.418823478159538
77092.0,1,0.43282019999242
77092.0,1,0.518898366732174
77092.0,1,0.416990517222075
77092.0,0,0.407561520394665
77092.0,1,0.709796299137452
77092.0,1,0.51996196194159
77092.0,1,0.483013292359828
77092.0,1,0.486537219496313
77092.0,1,0.46634631849156
77092.0,1,0.543562784692767
77092.0,1,0.446968815236687
77092.0,1,0.492738225339053
77092.0,1,0.408106971339294
77092.0,1,0.534846833565098
77092.0,1,0.392651048759944
77092.0,1,0.600102973641697
77092.0,1,0.46440447216446
77092.0,1,0.387277776675546
77092.0,1,0.451859783075633
77092.0,0,0.335426827461561
77092.0,1,0.545063286794175
77092.0,1,0.450370203643615
77092.0,1,0.55162644748998
77092.0,1,0.856569024952478
77092.0,1,0.564896470283202
77092.0,1,0.533510854213091
77092.0,1,0.463655245113841
77092.0,1,0.572161754003901
77092.0,1,0.420897761889137
77092.0,1,0.442912407826952
77092.0,1,0.463989410616705
77092.0,1,0.492642651954156
77092.0,1,0.50381586300864
77092.0,1,0.442701122385188
77092.0,1,0.519292948267321
77092.0,1,0.489957722580584
77092.0,1,0.476199251535945
77094.0,1,0.650125682257567
77094.0,0,0.334624168102891
77094.0,1,0.520663773686465
77094.0,1,0.538613807955699
77094.0,1,0.555959340994377
77094.0,1,0.804586157228186
77094.0,1,0.459812584069368
77094.0,1,0.448074815405562
77094.0,1,0.405437852015893
77094.0,1,0.450905492256425
77094.0,1,0.664060613213223
77094.0,1,0.461992679698596
77094.0,1,0.47451414956231
77094.0,1,0.390581321218633
77094.0,1,0.462135015675813
77094.0,1,0.680811543687014
77094.0,1,0.406275825207558
77094.0,1,0.371968076397025
77094.0,1,0.548543534259807
77094.0,1,0.574155476555461
77094.0,1,0.453789075765599
77094.0,1,0.433730967188239
77094.0,1,0.528572124336279
77094.0,1,0.530942342596973
77094.0,1,0.516111411796373
77094.0,1,0.591277094967154
77094.0,1,0.44648932234486
77094.0,1,0.387726068373013
77094.0,1,0.474733626857414
77094.0,1,0.382167797321017
77094.0,1,0.485847438292694
77094.0,1,0.513129524304532
77094.0,1,0.44513525324146
77094.0,1,0.369987660735205
77094.0,1,0.442650005667019
77094.0,1,0.350306042759257
77094.0,1,0.31891566944978
77094.0,0,0.282165681055631
77094.0,1,0.997880460239685
77094.0,1,0.501962123544217
77095.0,1,0.742584031348088
77095.0,0,0.544076787955419
77095.0,1,0.49770611902386
77095.0,1,0.621652203732083
77095.0,1,0.539830008969147
77095.0,1,0.596730687979289
77095.0,1,0.531394195386383
77095.0,1,0.710433238935366
77095.0,1,0.568038784447708
77095.0,1,0.44082051771511
77095.0,1,0.574770817762328
77095.0,1,0.734183826803928
77095.0,1,0.423395827629065
77095.0,1,0.381148749653221
77095.0,1,0.741611038396513
77095.0,1,0.551333332799913
77095.0,1,0.616382386659097
77095.0,1,0.90157678955984
77095.0,1,0.609308378243441
77095.0,1,0.704141346182951
77095.0,1,0.698142666604326
77095.0,1,0.437493157720382
77095.0,1,0.402852298944708
77095.0,1,0.858121891455085
77095.0,1,0.502160457008358
77095.0,1,0.409544873593404
77095.0,1,0.455999271887777
77095.0,1,0.419969981368922
77095.0,0,0.393682169218664
77095.0,1,0.513948653157058
77095.0,1,0.652100499084554
77095.0,1,0.45757280647922
77095.0,1,0.485342403802861
77095.0,1,0.417279092855097
77095.0,1,0.526588258237098
77095.0,1,0.441432608236937
77095.0,1,0.469789915116053
77095.0,1,0.450145594884816
77095.0,1,0.567356759056565
77095.0,1,0.702724042241243
77096.0,1,0.78451171537381
77096.0,0,0.376261821013031
77096.0,1,0.576149454027473
77096.0,1,0.503872766352288
77096.0,1,0.617936867420212
77096.0,1,0.624603452164592
77096.0,1,0.494625700284814
77096.0,1,0.465536234722094
77096.0,1,0.479055089643225
77096.0,1,0.554777197747171
77096.0,1,0.619091598677187
77096.0,1,0.528773045767593
77096.0,1,0.426887724268454
77096.0,1,0.392805573486839
77096.0,1,0.480764487852866
77096.0,0,0.363801099967532
77096.0,1,1.50206028542379
77096.0,1,0.623411174223293
77096.0,1,0.782222050202108
77096.0,1,0.445882933996472
77096.0,1,0.538652944156638
77096.0,1,0.548125973011338
77096.0,1,0.60623868543189
77096.0,1,0.716959083452821
77096.0,1,0.750787282104284
77096.0,1,0.551556033431552
77096.0,1,0.457288251833234
77096.0,1,0.372481552411045
77096.0,1,0.564580637434119
77096.0,1,0.581743227554398
77096.0,1,0.57306414044433
77096.0,1,0.541400337566301
77096.0,1,0.798494101200049
77096.0,1,0.566793843903724
77096.0,1,0.559121349306224
77096.0,1,0.423902080074186
77096.0,1,0.421573502881074
77096.0,0,0.41986137400454
77096.0,1,0.873847910446784
77096.0,1,0.461982270240696
77097.0,1,0.844852939666453
77097.0,1,0.604648460630415
77097.0,1,0.58679488096459
77097.0,1,0.46582086269882
77097.0,1,0.462788644579632
77097.0,1,0.58717214382159
77097.0,0,0.434877609319301
77097.0,1,1.16804401881018
77097.0,1,0.760485608832823
77097.0,1,0.576654337719447
77097.0,1,0.616528711754654
77097.0,1,0.591177353640887
77097.0,1,0.367784810998273
77097.0,1,0.334407634760282
77097.0,1,0.576132072474138
77097.0,0,0.312464474412991
77097.0,1,0.626894457829621
77097.0,1,0.457979826380324
77097.0,1,0.781430113338502
77097.0,1,0.485853327834775
77097.0,1,0.448882530419723
77097.0,1,0.486594700674686
77097.0,1,0.585615934542147
77097.0,1,0.545008207711362
77097.0,1,0.705604129037965
77097.0,1,0.508809259299596
77097.0,1,0.416883518488248
77097.0,1,0.406279416718462
77097.0,1,0.493219898367897
77097.0,1,0.297669739411504
77097.0,1,0.50012419358427
77097.0,1,0.302548492390997
77097.0,1,0.336355863773861
77097.0,1,0.339284142126417
77097.0,0,0.267810475137594
77097.0,1,0.457159215509819
77097.0,1,0.30958624113191
77097.0,0,0.271654000876879
77097.0,1,0.628545624422259
77097.0,1,0.369028559374783
77110.0,1,0.414432169935026
77110.0,1,0.518028654756563
77110.0,1,0.455621454550055
77110.0,1,0.389160588671075
77110.0,1,0.381545458900291
77110.0,0,0.41129225156692
77110.0,1,-1.14103608033292
77110.0,1,0.657669518273906
77110.0,1,0.382880410605139
77110.0,1,0.495353931730278
77110.0,1,0.457231520311325
77110.0,1,0.494443256417071
77110.0,1,0.54646711966052
77110.0,1,0.370893834531671
77110.0,1,0.47565460477017
77110.0,1,0.463582012887855
77110.0,1,0.468203997299497
77110.0,1,0.38392557095176
77110.0,1,0.479258735438634
77110.0,1,0.331140877397047
77110.0,1,0.334590725742601
77110.0,1,0.519185772189303
77110.0,0,0.489788845410658
77110.0,1,0.445708473876948
77110.0,1,0.489766658793087
77110.0,1,0.532858872518773
77110.0,1,0.487044531499123
77110.0,1,0.425740859511279
77110.0,1,0.48010148557114
77110.0,1,0.461583851987598
77110.0,1,0.489380952982174
77110.0,1,0.347837843019079
77110.0,1,0.317646635336132
77110.0,1,0.391805574803584
77110.0,1,0.510867497310755
77110.0,1,0.458062323801641
77110.0,1,0.366593726739666
77110.0,1,0.488132699751077
77110.0,1,0.31430396542055
77110.0,0,0.348801766213001
77111.0,1,0.616960614828713
77111.0,1,0.479025001779519
77111.0,1,0.514539985771989
77111.0,1,0.581533694668906
77111.0,1,0.500486294822622
77111.0,1,0.561202895503811
77111.0,1,0.520245703059118
77111.0,1,0.418616624518108
77111.0,1,0.345701134738192
77111.0,1,0.4821700412067
77111.0,1,0.517145719546534
77111.0,1,0.568293058193376
77111.0,1,0.584167076392987
77111.0,1,0.43988301659374
77111.0,1,0.46126853377973
77111.0,1,0.505108622144689
77111.0,1,0.476752750044398
77111.0,1,0.416009184078575
77111.0,1,0.782547247967159
77111.0,1,0.406949531754435
77111.0,1,0.430504559533802
77111.0,1,0.492015782721865
77111.0,1,0.591089986062798
77111.0,1,0.470040101312406
77111.0,1,0.426078839842376
77111.0,1,0.368473486652874
77111.0,1,0.48738355675232
77111.0,1,0.411967463667679
77111.0,1,0.474271261369722
77111.0,1,0.454208749701138
77111.0,1,0.45119546468959
77111.0,1,0.351314350868051
77111.0,1,0.400808956615947
77111.0,1,0.351343364145578
77111.0,1,0.47886389274754
77111.0,1,0.515622693072146
77111.0,1,0.343065022352675
77111.0,1,0.584487587790136
77111.0,1,0.551234956881672
77111.0,1,0.38462193633859
77113.0,1,0.658827224133347
77113.0,1,0.783314371590677
77113.0,1,0.598546143393833
77113.0,1,0.5586904179454
77113.0,1,0.591193152020423
77113.0,1,0.653816117164752
77113.0,1,0.643626991481142
77113.0,1,0.72043028684493
77113.0,1,0.610716364701148
77113.0,1,0.480279445049746
77113.0,1,0.477091055281562
77113.0,1,0.488343432663896
77113.0,1,0.628254044428104
77113.0,1,0.449758830596693
77113.0,1,0.591111914813155
77113.0,1,0.526556664635791
77113.0,1,0.665156217079129
77113.0,1,0.566185062432851
77113.0,1,0.565996646722851
77113.0,1,0.559593584557661
77113.0,1,0.464077741937217
77113.0,1,0.363714632094343
77113.0,1,0.58056473101351
77113.0,1,0.548777771837194
77113.0,1,0.87034706990562
77113.0,1,0.698353904754185
77113.0,1,0.526036814766485
77113.0,1,0.471283960201617
77113.0,1,0.451850176717926
77113.0,1,0.576464299978397
77113.0,1,0.51146224515287
77113.0,1,0.466126762788917
77113.0,1,0.439358419906057
77113.0,1,0.484585017104109
77113.0,1,0.472055713682494
77113.0,1,0.412343634732679
77113.0,1,0.40214392773305
77113.0,1,0.441624869756197
77113.0,0,0.406546096972306
77113.0,0,0.374034488242614
77114.0,1,0.542949311957273
77114.0,1,0.567919863458883
77114.0,1,0.471964692760594
77114.0,1,0.500093597822342
77114.0,1,0.654343994878218
77114.0,1,0.554882311034817
77114.0,1,0.7003491879168
77114.0,1,0.494135972940057
77114.0,1,0.505940972168901
77114.0,1,0.604904309941048
77114.0,1,0.507068053490002
77114.0,1,0.484830896055428
77114.0,1,0.592168495822989
77114.0,1,0.577114348474424
77114.0,1,0.536499143663605
77114.0,1,0.5776918837837
77114.0,1,0.865458068001317
77114.0,1,0.494259194125334
77114.0,1,0.522007171643054
77114.0,1,0.435408960433051
77114.0,1,0.399961877446913
77114.0,1,0.344491522382668
77114.0,1,0.522114008848803
77114.0,1,0.451525335844053
77114.0,1,0.511746021235012
77114.0,1,0.450617048929416
77114.0,1,0.567122509744877
77114.0,1,0.367613073425673
77114.0,1,0.488287233260053
77114.0,1,0.395036443331264
77114.0,1,0.313721383141456
77114.0,1,0.363785024666868
77114.0,1,0.325061828260004
77114.0,1,0.431790490087224
77114.0,1,0.397769496064939
77114.0,1,0.349150375483077
77114.0,1,0.343120046687545
77114.0,1,0.535187059896998
77114.0,1,0.368625125551262
77114.0,1,0.497260534541056
77115.0,1,0.774466458089591
77115.0,1,0.645714269292512
77115.0,1,0.763633912667501
77115.0,1,0.580929257908792
77115.0,1,0.612730233437105
77115.0,1,0.564735053059849
77115.0,1,0.556184660355939
77115.0,1,0.771467164649948
77115.0,1,0.421324999437275
77115.0,1,0.409725478668406
77115.0,1,0.464763042369668
77115.0,1,0.462312612460664
77115.0,1,0.483008317467466
77115.0,1,0.381893865085658
77115.0,1,0.478138177622895
77115.0,1,0.482274110094295
77115.0,1,0.535410790083915
77115.0,1,0.471052445003806
77115.0,1,0.434779323957628
77115.0,1,0.377577708768513
77115.0,1,0.38450164952701
77115.0,1,0.4484630242805
77115.0,1,0.438776333878195
77115.0,1,0.547031132167831
77115.0,1,0.47698447194125
77115.0,1,0.497188657367587
77115.0,1,0.499571503334664
77115.0,1,0.423322480399293
77115.0,1,0.540280929928485
77115.0,1,0.431217513661977
77115.0,1,0.588835555163314
77115.0,1,0.740175799352073
77115.0,1,0.494076382690764
77115.0,1,0.375860120901052
77115.0,1,0.5123564737587
77115.0,1,0.651034286085633
77115.0,1,0.37591814751795
77115.0,1,0.51098738692599
77115.0,1,0.561882191494078
77115.0,1,0.547280646622312
77116.0,1,0.866062261968182
77116.0,1,1.76652500764612
77116.0,1,1.03922342218721
77116.0,1,1.22957140133985
77116.0,1,0.626729527788484
77116.0,1,1.02421874762695
77116.0,1,0.670430100579324
77116.0,1,0.618663137078329
77116.0,1,0.529083943123624
77116.0,1,0.689998061252481
77116.0,1,0.613904266932877
77116.0,1,0.676396266930169
77116.0,1,0.616425696696751
77116.0,1,0.495342113365041
77116.0,1,0.554455254121422
77116.0,1,0.634152505055681
77116.0,1,0.568434221839198
77116.0,1,0.584101083179121
77116.0,1,0.455585306579451
77116.0,1,0.436124865926104
77116.0,1,0.529711655231949
77116.0,1,0.635642425309925
77116.0,1,1.11390238959939
77116.0,1,0.500627660932878
77116.0,1,0.501770103795934
77116.0,1,0.529145041800803
77116.0,1,0.539054291490174
77116.0,1,0.404289041824086
77116.0,1,0.459889861980628
77116.0,1,0.431721323840975
77116.0,1,0.454511813062709
77116.0,1,0.490864160599813
77116.0,1,0.526416081334901
77116.0,1,0.392146447753476
77116.0,1,0.479946270737855
77116.0,1,0.50746047276516
77116.0,1,0.532823250428919
77116.0,1,0.559819308367878
77116.0,1,0.616050229964458
77116.0,1,0.807222187926527
77117.0,1,0.797750129775523
77117.0,1,0.606195312106138
77117.0,1,0.445055616286481
77117.0,1,0.529813614904924
77117.0,1,0.476209723166903
77117.0,1,0.56820294839963
77117.0,1,0.334695967805601
77117.0,1,0.368086144389963
77117.0,1,0.519979482058261
77117.0,1,0.411413877594896
77117.0,1,0.329970559623689
77117.0,0,0.324079842026549
77117.0,1,0.813904035270753
77117.0,1,0.412433437999425
77117.0,1,0.442031750995739
77117.0,1,0.471180187658319
77117.0,1,0.483540864233873
77117.0,1,0.328444461676554
77117.0,1,0.38573918255679
77117.0,1,0.384924763031449
77117.0,1,0.385123759922863
77117.0,1,0.536079457002415
77117.0,1,0.52866912677564
77117.0,1,0.555143222707557
77117.0,1,0.483417643175926
77117.0,1,0.584193355587558
77117.0,1,0.438589753299311
77117.0,1,0.325127733034606
77117.0,1,0.494234472509561
77117.0,1,0.36149432968341
77117.0,1,0.506136739435533
77117.0,1,0.580918269521135
77117.0,1,0.324031372800164
77117.0,1,0.391166370516657
77117.0,1,0.46271240911301
77117.0,1,0.314932128989312
77117.0,1,0.333518029085099
77117.0,1,0.477738893108835
77117.0,1,0.40182174954316
77117.0,1,0.33064264346649
77118.0,1,0.767810850542446
77118.0,1,0.943266334043074
77118.0,1,0.609422024970627
77118.0,1,0.840555090630005
77118.0,1,0.445858930048416
77118.0,1,0.707353238831274
77118.0,1,1.2851456256667
77118.0,1,0.36791891662142
77118.0,1,0.409329455418629
77118.0,1,0.423835773324754
77118.0,1,0.597034020645879
77118.0,1,0.732859700436165
77118.0,1,0.973706425123964
77118.0,1,0.49549354996816
77118.0,1,0.665218391070084
77118.0,1,0.534043034231217
77118.0,1,0.847476644419658
77118.0,1,0.420764798896926
77118.0,1,0.658376367906385
77118.0,1,0.58386572872223
77118.0,1,0.41461295137924
77118.0,0,0.661334019725473
77118.0,1,1.59515190961065
77118.0,1,0.410577710779762
77118.0,1,0.599877667191322
77118.0,1,0.784051823560731
77118.0,1,0.656112987731831
77118.0,1,0.541709376971994
77118.0,1,0.581204354086367
77118.0,1,0.374446571944645
77118.0,1,0.621765655983836
77118.0,1,0.716238140948917
77118.0,1,0.755375742242904
77118.0,1,0.332059820313589
77118.0,1,0.52683953925407
77118.0,1,0.385071249171233
77118.0,1,0.385072273171318
77118.0,1,0.431217444211143
77118.0,1,0.781537904847937
77118.0,1,1.02084214499155
77121.0,1,0.625628052241154
77121.0,1,0.928231740686897
77121.0,1,0.824495167875284
77121.0,1,1.0071506706754
77121.0,1,1.10085375871677
77121.0,1,0.880834917132233
77121.0,1,0.923651051261913
77121.0,1,0.950454569721842
77121.0,1,0.759388620766913
77121.0,1,0.984434956726545
77121.0,1,0.839633629624586
77121.0,1,0.884383074104335
77121.0,1,0.927956967587306
77121.0,1,0.826304232998154
77121.0,1,0.792346715306849
77121.0,1,0.95935926612583
77121.0,1,0.800167679301012
77121.0,1,0.77385397375474
77121.0,1,0.75875135197748
77121.0,1,0.974320234690822
77121.0,1,0.767305840678091
77121.0,1,0.639426099132834
77121.0,1,0.701425832894529
77121.0,1,0.926514152819436
77121.0,1,0.85645452193603
77121.0,1,0.694350340265373
77121.0,1,0.721807170169996
77121.0,1,0.834175372949176
77121.0,1,0.663885342262802
77121.0,1,0.812301727612066
77121.0,1,0.811980191889234
77121.0,1,0.777306898809911
77121.0,1,0.713977331515707
77121.0,1,0.717781146937341
77121.0,1,0.75078498010771
77121.0,1,0.734850871038361
77121.0,1,0.633787618613496
77121.0,1,0.805971023681195
77121.0,1,0.724576063807035
77121.0,1,0.599331413348409
77125.0,1,0.595430448331172
77125.0,1,0.826266632935585
77125.0,1,0.576101427632238
77125.0,1,0.777552913252293
77125.0,1,0.672189133900247
77125.0,1,1.01226152386153
77125.0,1,0.851792559249589
77125.0,1,0.743458497734537
77125.0,1,0.625816960480734
77125.0,1,0.760524137491302
77125.0,1,0.751271616401937
77125.0,1,0.984258200638578
77125.0,1,0.800400397354679
77125.0,1,0.919418531706469
77125.0,1,0.776348348124884
77125.0,1,1.09683128009419
77125.0,1,0.797474147188041
77125.0,1,0.901733372054878
77125.0,1,0.74340900441166
77125.0,1,0.816325983967545
77125.0,1,0.822928393507027
77125.0,1,0.660934693154559
77125.0,1,1.82641989157855
77125.0,1,0.697118068314012
77125.0,1,1.04994062142941
77125.0,1,0.75213655492189
77125.0,1,0.768676882769796
77125.0,1,0.737247938795917
77125.0,1,0.825493854401429
77125.0,1,0.672259448558179
77125.0,1,0.581234738754574
77125.0,1,0.596728880114824
77125.0,1,0.466849862277741
77125.0,1,0.504013546604256
77125.0,1,0.603143556349096
77125.0,1,0.569197620810883
77125.0,1,0.625883520468051
77125.0,1,0.727638383104932
77125.0,1,0.818397535615077
77125.0,1,0.814850400220166
77126.0,1,0.48732701218978
77126.0,1,0.547755828160007
77126.0,1,0.45961320580318
77126.0,1,0.648118493900256
77126.0,1,0.381014580350893
77126.0,1,0.558529304580588
77126.0,1,0.543458793828904
77126.0,1,0.559977236873237
77126.0,1,0.447784329422575
77126.0,1,0.597339146563172
77126.0,1,0.557940506088926
77126.0,1,0.750452695923741
77126.0,1,0.438782368466491
77126.0,1,0.444759441164933
77126.0,1,0.491102831860189
77126.0,1,0.669317628962744
77126.0,1,0.504640077204385
77126.0,1,0.59576696925069
77126.0,1,0.833967191458214
77126.0,1,0.425490199828346
77126.0,1,0.607925572792738
77126.0,1,0.926418794784695
77126.0,1,0.552101673038123
77126.0,1,0.529107811900758
77126.0,1,0.489884274978976
77126.0,1,0.557077958965237
77126.0,1,0.549495941038913
77126.0,1,0.559794624008646
77126.0,1,0.695627534943924
77126.0,1,0.610461331634724
77126.0,1,0.393654462663108
77126.0,1,0.514104202309682
77126.0,1,0.45997160488696
77126.0,1,0.520710692060675
77126.0,1,0.521809441252117
77126.0,1,0.661378918619448
77126.0,1,0.528502288114396
77126.0,0,0.659691370939981
77126.0,1,0.608273049238051
77126.0,1,0.461756432319817
77128.0,1,0.53325367483194
77128.0,1,0.542714061430161
77128.0,1,0.399965511238406
77128.0,1,0.49561931761491
77128.0,1,0.386455208099505
77128.0,1,0.569656161103921
77128.0,1,0.58579097400434
77128.0,1,0.521442527580803
77128.0,1,0.539361488288705
77128.0,1,0.589057872548437
77128.0,1,0.660935443211201
77128.0,1,0.72855761484243
77128.0,1,0.650812529183895
77128.0,1,0.680352173309075
77128.0,1,0.755851287551195
77128.0,1,0.923833224205737
77128.0,1,0.774763186080236
77128.0,1,0.630616877082502
77128.0,1,0.660401939665462
77128.0,1,0.608618645186652
77128.0,1,0.967813986677356
77128.0,1,0.607186411743896
77128.0,1,0.678493273564527
77128.0,1,0.658413333367207
77128.0,1,0.734633684325672
77128.0,1,0.672620297238609
77128.0,1,0.747669193198817
77128.0,1,0.589627216060762
77128.0,1,0.709028586174099
77128.0,1,0.887887100212538
77128.0,1,0.682570838082029
77128.0,1,0.64718791361156
77128.0,1,0.601938074891223
77128.0,1,0.562160146168026
77128.0,1,0.580193112113193
77128.0,1,0.563436390410061
77128.0,1,0.468110946421803
77128.0,1,0.607673493996117
77128.0,1,0.542433144335519
77128.0,1,0.551536837898311
77130.0,1,1.00966225433149
77130.0,1,1.27152401635612
77130.0,1,0.804085344578198
77130.0,1,0.538563805930607
77130.0,1,0.667316467905039
77130.0,1,0.992545067409083
77130.0,1,1.48011216928717
77130.0,1,0.723239506780374
77130.0,1,0.580422543742316
77130.0,1,0.860025791458611
77130.0,1,1.82649285773732
77130.0,1,1.70293494864745
77130.0,1,2.1303256562569
77130.0,1,0.636997529392829
77130.0,1,1.35306549160669
77130.0,1,1.32206627564665
77130.0,1,0.731856809583405
77130.0,1,0.638218478936324
77130.0,1,0.84376603401688
77130.0,1,0.696889251616085
77130.0,1,0.62080433196752
77130.0,1,1.67391922102979
77130.0,1,1.14998919027857
77130.0,1,0.711765584823297
77130.0,1,5.45117290034977
77130.0,1,0.671257503239758
77130.0,1,1.77154261902251
77130.0,1,0.771616005706164
77130.0,1,1.09854069083303
77130.0,1,1.81354710619053
77130.0,1,1.78023194317211
77130.0,1,0.851609192690375
77130.0,1,1.24192870463594
77130.0,1,1.22223615727489
77130.0,1,0.972587304000626
77130.0,1,0.637534105484519
77130.0,1,0.770103557446419
77130.0,1,0.513458052311762
77130.0,0,0.973428690813307
77130.0,1,1.7098920058379
77132.0,1,0.620201249770616
77132.0,1,0.522498762475152
77132.0,1,0.507377708712738
77132.0,1,0.59835354574534
77132.0,1,0.518404813967209
77132.0,1,0.560552276670933
77132.0,1,0.657233495501714
77132.0,1,0.549520392753038
77132.0,1,0.430535448951559
77132.0,1,0.405250179861468
77132.0,1,0.435581375313632
77132.0,1,0.528366618800646
77132.0,1,0.602720560687885
77132.0,1,0.465500581780361
77132.0,1,0.557669377794809
77132.0,1,0.502598363455036
77132.0,1,0.544876898045914
77132.0,1,0.580461550343898
77132.0,1,0.547195914736221
77132.0,1,0.524217374342697
77132.0,1,0.541385061023902
77132.0,1,0.630743662106397
77132.0,1,0.589969723569084
77132.0,1,0.645575606780767
77132.0,1,0.721752949775691
77132.0,1,0.651585798987071
77132.0,1,0.584883178577002
77132.0,1,0.495217036423128
77132.0,1,0.5718323097135
77132.0,1,0.531552280081087
77132.0,1,0.493801869630261
77132.0,1,0.465456891153735
77132.0,1,0.517896227738674
77132.0,1,0.503154736317811
77132.0,1,0.451161863347807
77132.0,1,0.583136577395635
77132.0,1,0.678329925496655
77132.0,1,0.490804282853787
77132.0,0,0.517948451692064
77132.0,1,1.01678723668374
77135.0,1,0.610992911499125
77135.0,1,0.521007964286127
77135.0,1,0.371755995647618
77135.0,1,0.403331008703844
77135.0,1,0.369938397198894
77135.0,1,0.490844022026067
77135.0,1,0.581021481074458
77135.0,1,0.549633177192391
77135.0,1,0.414954422785286
77135.0,1,0.365110923984957
77135.0,1,0.431082409022565
77135.0,1,0.40417717331502
77135.0,0,0.330409641596816
77135.0,1,0.557247634694704
77135.0,1,0.533561852240382
77135.0,1,0.422631002901198
77135.0,1,0.421511089190062
77135.0,1,0.451524162245732
77135.0,1,0.423182255764004
77135.0,1,0.461054180780138
77135.0,1,0.442767604384699
77135.0,1,0.350844568159118
77135.0,1,0.448094789172046
77135.0,1,0.364901345496946
77135.0,1,0.438433016083309
77135.0,1,0.364266124705864
77135.0,1,0.371673393051879
77135.0,1,0.436319823220401
77135.0,1,0.50562613207876
77135.0,1,0.467565791223478
77135.0,1,0.383426513688846
77135.0,1,0.384047739825292
77135.0,1,0.423999065733824
77135.0,1,0.462123918533962
77135.0,1,0.401324653082611
77135.0,1,0.392067700981897
77135.0,1,0.480250409732434
77135.0,1,0.435916026231098
77135.0,1,0.425774680218638
77135.0,1,0.367937161573082
77136.0,1,0.464058253368421
77136.0,0,0.371910341575131
77136.0,1,0.380642658830766
77136.0,1,0.388545537360187
77136.0,1,0.475879973877454
77136.0,1,0.415323437558982
77136.0,0,0.413584688230912
77136.0,1,0.557741138803976
77136.0,1,0.453915890280769
77136.0,1,0.442866264587792
77136.0,1,0.471449815348024
77136.0,1,0.42750867750874
77136.0,0,0.425393096760672
77136.0,1,0.534668747575779
77136.0,1,0.488768700746732
77136.0,1,0.524602843037428
77136.0,0,0.486000832999707
77136.0,0,0.408785548934247
77136.0,1,0.383890099172277
77136.0,1,0.520126604580582
77136.0,1,0.385676293764845
77136.0,1,0.513969984705909
77136.0,1,0.571657618766039
77136.0,1,0.48495328260833
77136.0,1,0.696087080974394
77136.0,1,0.658736738343578
77136.0,1,0.678644974432245
77136.0,1,0.460581096042006
77136.0,1,0.497313626288815
77136.0,1,0.482823365880904
77136.0,1,0.456428441091703
77136.0,1,0.524208944978454
77136.0,1,0.509729607216286
77136.0,1,0.440907355594391
77136.0,1,0.365665316501691
77136.0,1,0.414498436159192
77136.0,1,0.477404024870339
77136.0,1,0.465496971162793
77136.0,1,0.479224694074219
77136.0,1,0.473664041281154
77138.0,1,0.993190683911962
77138.0,1,0.649189547955757
77138.0,1,0.48502155463575
77138.0,1,0.593190410843818
77138.0,1,0.49712591523712
77138.0,1,0.459829110935971
77138.0,1,0.384620761105907
77138.0,1,0.391625943910185
77138.0,1,0.423411581152322
77138.0,1,0.492722374656296
77138.0,1,0.423475069139386
77138.0,0,0.463546912968013
77138.0,1,0.578891959947214
77138.0,1,0.371419355360558
77138.0,1,0.547841213250649
77138.0,1,0.499139440227736
77138.0,1,0.391775789215899
77138.0,1,0.351361929446284
77138.0,1,0.503662788785732
77138.0,1,0.522165441630932
77138.0,1,0.404329003074963
77138.0,1,0.387220696662553
77138.0,1,0.554806118729175
77138.0,1,0.386401838135498
77138.0,1,0.474579487083247
77138.0,1,0.486295751750731
77138.0,1,0.593525258784211
77138.0,1,0.417891198092548
77138.0,1,0.517818221040216
77138.0,1,0.504801817929547
77138.0,1,0.45126335239911
77138.0,1,0.431234257150209
77138.0,1,0.350945502854302
77138.0,1,0.351326772120956
77138.0,1,0.431602214419399
77138.0,1,0.397064748314733
77138.0,1,0.396209708462266
77138.0,1,0.485245810599736
77138.0,1,0.518676332892937
77138.0,1,0.441834362009104
